{
    "Workflow": {
        "Name": "DWH - fact_finance load",
        "Description": "This loads the fact_finance table in Redshift.",
        "DefaultRunProperties": {},
        "CreatedOn": 1563897216.082,
        "LastModifiedOn": 1564583903.861,
        "Graph": {
            "Nodes": [
                {
                    "Type": "TRIGGER",
                    "Name": "Manual",
                    "UniqueId": "wnode_bfdecabb958f19a3d7b4aa472636bf2e839d7eabc9dd136820a801e1ca41fcf0",
                    "TriggerDetails": {
                        "Trigger": {
                            "Name": "Manual",
                            "WorkflowName": "DWH - fact_finance load",
                            "Type": "ON_DEMAND",
                            "State": "CREATED",
                            "Actions": [
                                {
                                    "JobName": "finance_load"
                                }
                            ]
                        }
                    }
                },
                {
                    "Type": "JOB",
                    "Name": "finance_load",
                    "UniqueId": "wnode_8206bca95074d5d7fbe27f37ca0a4c27a35f789f007130b3ee7f1b3d25c43fa6",
                    "JobDetails": {}
                }
            ],
            "Edges": [
                {
                    "SourceId": "wnode_bfdecabb958f19a3d7b4aa472636bf2e839d7eabc9dd136820a801e1ca41fcf0",
                    "DestinationId": "wnode_8206bca95074d5d7fbe27f37ca0a4c27a35f789f007130b3ee7f1b3d25c43fa6"
                }
            ]
        }
    }
}