{
    "eventVersion": "1.05",
    "userIdentity": {
        "type": "AssumedRole",
        "principalId": "AROA3M4DGZOPF4QSNNOAE:glue_trigger_from_s3",
        "arn": "arn:aws:sts::783569832862:assumed-role/glue_trigger_from_s3-lambda-role/glue_trigger_from_s3",
        "accountId": "783569832862",
        "accessKeyId": "ASIA3M4DGZOPLMX3RED7",
        "sessionContext": {
            "attributes": {
                "mfaAuthenticated": "false",
                "creationDate": "2019-10-14T22:28:33Z"
            },
            "sessionIssuer": {
                "type": "Role",
                "principalId": "AROA3M4DGZOPF4QSNNOAE",
                "arn": "arn:aws:iam::783569832862:role/glue_trigger_from_s3-lambda-role",
                "accountId": "783569832862",
                "userName": "glue_trigger_from_s3-lambda-role"
            }
        }
    },
    "eventTime": "2019-10-14T22:28:34Z",
    "eventSource": "glue.amazonaws.com",
    "eventName": "StartJobRun",
    "awsRegion": "us-east-2",
    "sourceIPAddress": "3.17.158.208",
    "userAgent": "Boto3/1.9.221 Python/3.6.9 Linux/4.14.133-97.112.amzn2.x86_64 exec-env/AWS_Lambda_python3.6 Botocore/1.12.221",
    "requestParameters": {
        "arguments": {},
        "allocatedCapacity": 0,
        "jobName": "p360-import-to-redshift-product-hierarchy"
    },
    "responseElements": {
        "jobRunId": "jr_981912774fd8a119e068cd63dc9990fbe2bbdb266b444524d2525fb3982527b5"
    },
    "requestID": "f529986d-eed1-11e9-9e4f-5bca6f57de3e",
    "eventID": "7122f0bb-bfc7-4a71-88d2-1dc0d484fe01",
    "eventType": "AwsApiCall",
    "recipientAccountId": "783569832862"
}