{
  "Records": [
    {
      "eventVersion": "2.1",
      "eventSource": "aws:s3",
      "awsRegion": "us-east-2",
      "eventTime": "2019-10-17T14:02:42.913Z",
      "eventName": "ObjectCreated:Put",
      "userIdentity": {
        "principalId": "AWS:AROA3M4DGZOPFIMNR2U7M:botocore-session-1571320943"
      },
      "requestParameters": {
        "sourceIPAddress": "151.224.232.160"
      },
      "responseElements": {
        "x-amz-request-id": "E2098AFE295A3CCB",
        "x-amz-id-2": "ACug4z1eaqefVtdD/ZnJcdUat39YYcYNsUAeidnCrv62JVgIsRJCyaXvkcwexQpQuPHQoyG++Tk="
      },
      "s3": {
        "s3SchemaVersion": "1.0",
        "configurationId": "tf-s3-topic-20190812235542419500000003",
        "bucket": {
          "name": "sni-s02-p360-source-data",
          "ownerIdentity": {
            "principalId": "A2CT0BR7W8L29T"
          },
          "arn": "arn:aws:s3:::sni-s02-p360-source-data"
        },
        "object": {
          "key": "product_hierarchy/test2.csv",
          "size": 2088,
          "eTag": "7c13a44780168536cd365ec576964f0a",
          "versionId": "JTroi1wfn6krYXHagLP8hbBY0w3c9yKS",
          "sequencer": "005DA87482BAB722AC"
        }
      }
    }
  ]
}